"Combination","SSD_BLUP","SSD_GBLUP"
"elim_1",18.6714931666484,13.967097809589
"elim_2",18.9709361481127,14.1471013952046
"elim_3",21.4632454130624,16.479275846935
"elim_4",18.3570124329613,14.1039563199244
"elim_5",19.1245402180587,14.1133916780097
"elim_6",20.0582923958987,15.0121674142315
"elim_7",19.2928094474429,15.3034079287709
"elim_8",19.2928094474429,15.0191038229507
"elim_9",19.3088141890782,14.0487688228829
"elim_10",19.1816116017448,14.7476951116395
"elim_1_2",18.2114513052771,13.4621071131154
"elim_1_3",21.1886020318615,16.100688655695
"elim_1_4",17.5212488233597,13.379706731161
"elim_1_5",18.421047042673,13.4376780836794
"elim_1_6",19.4345154049699,14.366206351788
"elim_1_7",18.6714931666484,14.7034144988294
"elim_1_8",18.6714931666484,14.4521195843473
"elim_1_9",18.6409970196942,13.3260073699723
"elim_1_10",18.3394640035546,14.0036696715536
"elim_2_3",21.2240872431124,15.9423980793732
"elim_2_4",17.7162592125468,13.583489493773
"elim_2_5",18.8226286345002,13.6511451986578
"elim_2_6",19.8925477257936,14.7041851902716
"elim_2_7",18.9709361481127,14.7929976028802
"elim_2_8",18.9709361481127,14.6332252281289
"elim_2_9",19.0082825638528,13.6409878074748
"elim_2_10",18.8660733337785,14.370723367824
"elim_3_4",20.9165009344696,16.387023479947
"elim_3_5",21.2976129384972,16.0471127436009
"elim_3_6",22.4489040963151,16.7819181322744
"elim_3_7",21.4632454130624,17.6937424734955
"elim_3_8",21.4632454130624,17.1366685992668
"elim_3_9",21.7902604010782,16.0682025294997
"elim_3_10",21.5858650552038,16.6209865177847
"elim_4_5",18.1079298216909,13.5737729042043
"elim_4_6",18.9733308303527,14.486846755897
"elim_4_7",18.3570124329613,14.9247879717964
"elim_4_8",18.3570124329613,14.593152294573
"elim_4_9",18.2490531421457,13.4650438700371
"elim_4_10",18.1406239697259,14.0880526220081
"elim_5_6",19.8878507193041,14.5203452648597
"elim_5_7",19.1245402180587,14.8760275392221
"elim_5_8",19.1245402180587,14.5645370910386
"elim_5_9",19.1574138663891,13.5111949016147
"elim_5_10",18.9480888258829,14.236692274204
"elim_6_7",20.0582923958987,15.7996805873066
"elim_6_8",20.0582923958987,15.5847054927763
"elim_6_9",20.1259459347444,14.4643176613385
"elim_6_10",20.4926324480879,15.8535918588757
"elim_7_8",19.2928094474429,15.7816469680797
"elim_7_9",19.3088141890782,14.8115526811263
"elim_7_10",19.1816116017448,15.7721268962004
"elim_8_9",19.3088141890782,14.5767763737968
"elim_8_10",19.1816116017448,15.2762059620725
"elim_9_10",19.1197290428924,14.1613313386328
"elim_1_2_3",20.8165738979829,15.4362393132435
"elim_1_2_4",16.6048959749068,12.739860740414
"elim_1_2_5",17.9723203217703,12.876992126453
"elim_1_2_6",19.1313667269218,13.9717935721116
"elim_1_2_7",18.2114513052771,14.0514226336667
"elim_1_2_8",18.2114513052771,13.9906891889054
"elim_1_2_9",18.2211260290827,12.8573143107751
"elim_1_2_10",17.7898356905531,13.4901599706414
"elim_1_3_4",20.5820402551785,15.9602528328067
"elim_1_3_5",20.9290802563269,15.5956847063487
"elim_1_3_6",22.2996683393741,16.3370407425484
"elim_1_3_7",21.1886020318615,17.4561851228241
"elim_1_3_8",21.1886020318615,16.8421027429606
"elim_1_3_9",21.5792159306635,15.5928323617006
"elim_1_3_10",21.2173815761076,16.1171742580369
"elim_1_4_5",17.1347402311381,12.7466468690713
"elim_1_4_6",18.0568222979973,13.6806063295187
"elim_1_4_7",17.5212488233597,14.194044107293
"elim_1_4_8",17.5212488233597,13.9049531475475
"elim_1_4_9",17.3055153946205,12.5668112734098
"elim_1_4_10",17.0049271271771,13.1417017659404
"elim_1_5_6",19.1598875808169,13.7791118871871
"elim_1_5_7",18.421047042673,14.1963697553124
"elim_1_5_8",18.421047042673,13.9189783351571
"elim_1_5_9",18.401560155466,12.6805241806076
"elim_1_5_10",17.9618473101924,13.3827574400553
"elim_1_6_7",19.4345154049699,15.1518266610486
"elim_1_6_8",19.4345154049699,14.9919342846208
"elim_1_6_9",19.4546461817434,13.6533766365711
"elim_1_6_10",19.7229258384461,15.1757572725197
"elim_1_7_8",18.6714931666484,15.2108114172893
"elim_1_7_9",18.6409970196942,14.0546612704209
"elim_1_7_10",18.3394640035546,15.08514492418
"elim_1_8_9",18.6409970196942,13.9083922780603
"elim_1_8_10",18.3394640035546,14.5644669250523
"elim_1_9_10",18.1399690150365,13.2040991139487
"elim_2_3_4",20.3355745226391,15.7401217718992
"elim_2_3_5",21.0927433275156,15.4356669479718
"elim_2_3_6",22.366601201001,16.2663899408984
"elim_2_3_7",21.2240872431124,17.0704467996377
"elim_2_3_8",21.2240872431124,16.6592976704845
"elim_2_3_9",21.6228541664863,15.434082412941
"elim_2_3_10",21.3494180352149,16.0585298344774
"elim_2_4_5",17.4695344888485,12.994958856235
"elim_2_4_6",18.3668458706571,14.0780809404042
"elim_2_4_7",17.7162592125468,14.2874936287822
"elim_2_4_8",17.7162592125468,14.1085949546474
"elim_2_4_9",17.5561589880161,12.9422249761828
"elim_2_4_10",17.3960715403176,13.5616877708821
"elim_2_5_6",19.7648160897706,14.1748464848895
"elim_2_5_7",18.8226286345002,14.3109763396943
"elim_2_5_8",18.8226286345002,14.1329774922685
"elim_2_5_9",18.9020404557799,13.0706630617814
"elim_2_5_10",18.6643206492156,13.817236447559
"elim_2_6_7",19.8925477257936,15.3673215339861
"elim_2_6_8",19.8925477257936,15.3411943312372
"elim_2_6_9",20.0149947080412,14.2199138632253
"elim_2_6_10",20.7143672249586,15.8878575337981
"elim_2_7_8",18.9709361481127,15.302352284723
"elim_2_7_9",19.0082825638528,14.2807458764535
"elim_2_7_10",18.8660733337785,15.311928980502
"elim_2_8_9",19.0082825638528,14.2333189152155
"elim_2_8_10",18.8660733337785,14.9492760552905
"elim_2_9_10",18.8302851379861,13.8593994251906
"elim_3_4_5",20.6545111457367,15.8910638640376
"elim_3_4_6",21.857589209112,16.6260399488021
"elim_3_4_7",20.9165009344696,17.8839491638321
"elim_3_4_8",20.9165009344696,17.1561841145198
"elim_3_4_9",21.2464091573467,15.92270939856
"elim_3_4_10",21.1247532264121,16.3507128845446
"elim_3_5_6",22.2688200873035,16.2770046969934
"elim_3_5_7",21.2976129384972,17.3344714623491
"elim_3_5_8",21.2976129384972,16.7274382608228
"elim_3_5_9",21.6575841452042,15.5142478524219
"elim_3_5_10",21.3036355216521,16.0937799089697
"elim_3_6_7",22.4489040963151,18.1084261698066
"elim_3_6_8",22.4489040963151,17.6044012570854
"elim_3_6_9",22.9230007408265,16.2880587521899
"elim_3_6_10",23.1219882929894,17.3319076595899
"elim_3_7_8",21.4632454130624,18.4152748259052
"elim_3_7_9",21.7902604010782,17.4284795667452
"elim_3_7_10",21.5858650552038,18.2501329426931
"elim_3_8_9",21.7902604010782,16.8469846901863
"elim_3_8_10",21.5858650552038,17.4053695347073
"elim_3_9_10",21.9096416089503,16.0806461595996
"elim_4_5_6",18.6887962531866,13.8964384954775
"elim_4_5_7",18.1079298216909,14.4273260718884
"elim_4_5_8",18.1079298216909,14.0578801313794
"elim_4_5_9",18.0053452977922,12.8203254131798
"elim_4_5_10",17.7979889969641,13.4594749716959
"elim_4_6_7",18.9733308303527,15.360118086019
"elim_4_6_8",18.9733308303527,15.1206219842389
"elim_4_6_9",18.8590603107421,13.7794561455148
"elim_4_6_10",19.4291550391576,15.1386557979698
"elim_4_7_8",18.3570124329613,15.446719328225
"elim_4_7_9",18.2490531421457,14.3226271220319
"elim_4_7_10",18.1406239697259,15.2246393901232
"elim_4_8_9",18.2490531421457,14.0441643606178
"elim_4_8_10",18.1406239697259,14.654611242317
"elim_4_9_10",17.9058182800483,13.2951518000769
"elim_5_6_7",19.8878507193041,15.3301390953162
"elim_5_6_8",19.8878507193041,15.0972821044096
"elim_5_6_9",19.9762074111243,13.8621376606463
"elim_5_6_10",20.2809742122297,15.3555049407382
"elim_5_7_8",19.1245402180587,15.352036873543
"elim_5_7_9",19.1574138663891,14.3044293305176
"elim_5_7_10",18.9480888258829,15.3220038003392
"elim_5_8_9",19.1574138663891,14.0376864500861
"elim_5_8_10",18.9480888258829,14.7605463510007
"elim_5_9_10",18.8898254788549,13.5522958270788
"elim_6_7_8",20.0582923958987,16.4059157501351
"elim_6_7_9",20.1259459347444,15.2658812269026
"elim_6_7_10",20.4926324480879,17.1529189682503
"elim_6_8_9",20.1259459347444,15.1521593706066
"elim_6_8_10",20.4926324480879,16.6130853850509
"elim_6_9_10",20.5956299894809,15.3866696780714
"elim_7_8_9",19.3088141890782,15.3707392930147
"elim_7_8_10",19.1816116017448,16.3459636711123
"elim_7_9_10",19.1197290428924,15.267750748299
"elim_8_9_10",19.1197290428924,14.797338827092
"elim_1_2_3_4",19.6935198464336,15.1326089059118
"elim_1_2_3_5",20.5809169803932,14.8314698109795
"elim_1_2_3_6",22.0798515877692,15.6580168640705
"elim_1_2_3_7",20.8165738979829,16.6330631433466
"elim_1_2_3_8",20.8165738979829,16.260920096725
"elim_1_2_3_9",21.3261188941048,14.7935502961503
"elim_1_2_3_10",20.7344701604179,15.3520077223801
"elim_1_2_4_5",16.1880863389447,12.0294354665488
"elim_1_2_4_6",17.0684388861215,13.1440400569884
"elim_1_2_4_7",16.6048959749068,13.3536759078559
"elim_1_2_4_8",16.6048959749068,13.3134530311521
"elim_1_2_4_9",16.3180503876083,11.9555190488075
"elim_1_2_4_10",15.7688138788034,12.4144692580189
"elim_1_2_5_6",18.893468543321,13.3340064947266
"elim_1_2_5_7",17.9723203217703,13.4664150121846
"elim_1_2_5_8",17.9723203217703,13.3994934856543
"elim_1_2_5_9",18.0338202027396,12.1773359729828
"elim_1_2_5_10",17.4201591594669,12.8031438726769
"elim_1_2_6_7",19.1313667269218,14.5503407086665
"elim_1_2_6_8",19.1313667269218,14.6851599939959
"elim_1_2_6_9",19.2491706958941,13.3661190344699
"elim_1_2_6_10",19.834258925566,15.1332633134652
"elim_1_2_7_8",18.2114513052771,14.5972956710782
"elim_1_2_7_9",18.2211260290827,13.375036359042
"elim_1_2_7_10",17.7898356905531,14.4055366808802
"elim_1_2_8_9",18.2211260290827,13.5408882966337
"elim_1_2_8_10",17.7898356905531,14.1118786135155
"elim_1_2_9_10",17.6079886474566,12.7856148175139
"elim_1_3_4_5",20.1448275953323,15.3643445155143
"elim_1_3_4_6",21.6958110433953,16.0958890105571
"elim_1_3_4_7",20.5820402551785,17.7042265509805
"elim_1_3_4_8",20.5820402551785,16.8495541030562
"elim_1_3_4_9",20.9996390115333,15.365200171783
"elim_1_3_4_10",20.8218329860999,15.7339532866514
"elim_1_3_5_6",21.9933770969045,15.727153419705
"elim_1_3_5_7",20.9290802563269,17.0455298315952
"elim_1_3_5_8",20.9290802563269,16.3693471668048
"elim_1_3_5_9",21.3507017379797,14.9196780158307
"elim_1_3_5_10",20.7308336635688,15.4722160672641
"elim_1_3_6_7",22.2996683393741,17.8399249414942
"elim_1_3_6_8",22.2996683393741,17.2883588077496
"elim_1_3_6_9",22.9296312599916,15.7011992315474
"elim_1_3_6_10",23.0378473678543,16.7721982696481
"elim_1_3_7_8",21.1886020318615,18.2725892321538
"elim_1_3_7_9",21.5792159306635,17.1255946015523
"elim_1_3_7_10",21.2173815761076,18.0342315400472
"elim_1_3_8_9",21.5792159306635,16.4977489270609
"elim_1_3_8_10",21.2173815761076,17.0115498022311
"elim_1_3_9_10",21.573035237159,15.3959347181157
"elim_1_4_5_6",17.5718096229222,12.9575219612234
"elim_1_4_5_7",17.1347402311381,13.5893123034494
"elim_1_4_5_8",17.1347402311381,13.2628579043785
"elim_1_4_5_9",16.8984422655204,11.769729839244
"elim_1_4_5_10",16.4173602159403,12.3573792140671
"elim_1_4_6_7",18.0568222979973,14.5406005769125
"elim_1_4_6_8",18.0568222979973,14.3799021320479
"elim_1_4_6_9",17.7931867797072,12.7293653874272
"elim_1_4_6_10",18.3219813146514,14.205237658554
"elim_1_4_7_8",17.5212488233597,14.7479194556095
"elim_1_4_7_9",17.3055153946205,13.3682892216544
"elim_1_4_7_10",17.0049271271771,14.3282144970898
"elim_1_4_8_9",17.3055153946205,13.2124827239415
"elim_1_4_8_10",17.0049271271771,13.7400786363883
"elim_1_4_9_10",16.5136213152533,12.0344251940875
"elim_1_5_6_7",19.1598875808169,14.5804006781361
"elim_1_5_6_8",19.1598875808169,14.4090722691285
"elim_1_5_6_9",19.1899349000192,12.9056031845636
"elim_1_5_6_10",19.3289503955033,14.5618424452099
"elim_1_5_7_8",18.421047042673,14.6977169194885
"elim_1_5_7_9",18.401560155466,13.4305433098734
"elim_1_5_7_10",17.9618473101924,14.5364791748194
"elim_1_5_8_9",18.401560155466,13.2605599362581
"elim_1_5_8_10",17.9618473101924,13.9323916364833
"elim_1_5_9_10",17.7293552155229,12.4292382864971
"elim_1_6_7_8",19.4345154049699,15.8080633411926
"elim_1_6_7_9",19.4546461817434,14.4014896529592
"elim_1_6_7_10",19.7229258384461,16.6887791208793
"elim_1_6_8_9",19.4546461817434,14.4328700626483
"elim_1_6_8_10",19.7229258384461,16.0203395170213
"elim_1_6_9_10",19.6910204862745,14.4366729287613
"elim_1_7_8_9",18.6409970196942,14.6624125744205
"elim_1_7_8_10",18.3394640035546,15.6900443160772
"elim_1_7_9_10",18.1399690150365,14.3248278845458
"elim_1_8_9_10",18.1399690150365,13.8992434756292
"elim_2_3_4_5",20.0835207386774,15.1435848829246
"elim_2_3_4_6",21.2449221784977,15.9707988992063
"elim_2_3_4_7",20.3355745226391,17.1420861452351
"elim_2_3_4_8",20.3355745226391,16.5891527422685
"elim_2_3_4_9",20.6630714766956,15.1295477667251
"elim_2_3_4_10",20.4174354890255,15.6011422098807
"elim_2_3_5_6",22.2504357376109,15.6702396888766
"elim_2_3_5_7",21.0927433275156,16.6235793057163
"elim_2_3_5_8",21.0927433275156,16.1771769792683
"elim_2_3_5_9",21.5716181175182,14.7679527683113
"elim_2_3_5_10",21.1086897546708,15.4325457552249
"elim_2_3_6_7",22.366601201001,17.4492522047011
"elim_2_3_6_8",22.366601201001,17.1913565839997
"elim_2_3_6_9",22.961170763944,15.6513100045817
"elim_2_3_6_10",23.4526812752278,17.0207920098286
"elim_2_3_7_8",21.2240872431124,17.8549848244255
"elim_2_3_7_9",21.6228541664863,16.6643181888381
"elim_2_3_7_10",21.3494180352149,17.6213402805075
"elim_2_3_8_9",21.6228541664863,16.316706853009
"elim_2_3_8_10",21.3494180352149,16.9319592718979
"elim_2_3_9_10",21.7596215940264,15.4004239072215
"elim_2_4_5_6",18.0943059523364,13.4346619787025
"elim_2_4_5_7",17.4695344888485,13.715702170401
"elim_2_4_5_8",17.4695344888485,13.5102709879319
"elim_2_4_5_9",17.3438936984347,12.2544780410534
"elim_2_4_5_10",17.0640990721466,12.86561370845
"elim_2_4_6_7",18.3668458706571,14.7842801588321
"elim_2_4_6_8",18.3668458706571,14.7897860942705
"elim_2_4_6_9",18.157812680477,13.4283770928125
"elim_2_4_6_10",19.2172873762364,15.075700301176
"elim_2_4_7_8",17.7162592125468,14.8423440757011
"elim_2_4_7_9",17.5561589880161,13.6393259519899
"elim_2_4_7_10",17.3960715403176,14.5797828684149
"elim_2_4_8_9",17.5561589880161,13.6001458279671
"elim_2_4_8_10",17.3960715403176,14.1799704483678
"elim_2_4_9_10",17.0605590410229,12.8175531302302
"elim_2_5_6_7",19.7648160897706,14.8404840873077
"elim_2_5_6_8",19.7648160897706,14.8165229361608
"elim_2_5_6_9",19.9494926926388,13.6010528779774
"elim_2_5_6_10",20.6217802775686,15.4133302812066
"elim_2_5_7_8",18.8226286345002,14.8144153082797
"elim_2_5_7_9",18.9020404557799,13.7267699932885
"elim_2_5_7_10",18.6643206492156,14.8114393606222
"elim_2_5_8_9",18.9020404557799,13.6618392651496
"elim_2_5_8_10",18.6643206492156,14.3872885249045
"elim_2_5_9_10",18.6733877250852,13.2554776524711
"elim_2_6_7_8",19.8925477257936,16.0359231584517
"elim_2_6_7_9",20.0149947080412,14.8448082810503
"elim_2_6_7_10",20.7143672249586,17.1268299386268
"elim_2_6_8_9",20.0149947080412,15.0336660764999
"elim_2_6_8_10",20.7143672249586,16.7915794169673
"elim_2_6_9_10",21.0500760817576,15.787741963423
"elim_2_7_8_9",19.0082825638528,14.9026777894265
"elim_2_7_8_10",18.8660733337785,15.9361739631642
"elim_2_7_9_10",18.8302851379861,14.8588273998658
"elim_2_8_9_10",18.8302851379861,14.6054071103944
"elim_3_4_5_6",21.5264074281405,16.023802271726
"elim_3_4_5_7",20.6545111457367,17.5046694183965
"elim_3_4_5_8",20.6545111457367,16.6950949867862
"elim_3_4_5_9",21.0040639773038,15.2603055331184
"elim_3_4_5_10",20.6882578269893,15.7055933109299
"elim_3_4_6_7",21.857589209112,18.2982882561745
"elim_3_4_6_8",21.857589209112,17.6182708998953
"elim_3_4_6_9",22.3651326522824,16.036616738377
"elim_3_4_6_10",22.8373575265031,16.8831974008229
"elim_3_4_7_8",20.9165009344696,18.7527927286955
"elim_3_4_7_9",21.2464091573467,17.6699210953934
"elim_3_4_7_10",21.1247532264121,18.3632762127436
"elim_3_4_8_9",21.2464091573467,16.8620893057421
"elim_3_4_8_10",21.1247532264121,17.2802896072176
"elim_3_4_9_10",21.5245184571518,15.6710575198305
"elim_3_5_6_7",22.2688200873035,17.6818099139377
"elim_3_5_6_8",22.2688200873035,17.1395003360518
"elim_3_5_6_9",22.7832946615704,15.610785180015
"elim_3_5_6_10",22.7888174355803,16.7153078623247
"elim_3_5_7_8",21.2976129384972,18.0852013883794
"elim_3_5_7_9",21.6575841452042,16.9684974363461
"elim_3_5_7_10",21.3036355216521,17.8506501260112
"elim_3_5_8_9",21.6575841452042,16.3242970546112
"elim_3_5_8_10",21.3036355216521,16.9081892705216
"elim_3_5_9_10",21.6232059604924,15.3717117430486
"elim_3_6_7_8",22.4489040963151,19.0170622462071
"elim_3_6_7_9",22.9230007408265,17.7788556360052
"elim_3_6_7_10",23.1219882929894,19.3213355149763
"elim_3_6_8_9",22.9230007408265,17.2909233759542
"elim_3_6_8_10",23.1219882929894,18.4116914452927
"elim_3_6_9_10",23.7282009687636,16.6937629823285
"elim_3_7_8_9",21.7902604010782,18.2934407597326
"elim_3_7_8_10",21.5858650552038,19.1423137172364
"elim_3_7_9_10",21.9096416089503,17.9602568652168
"elim_3_8_9_10",21.9096416089503,17.0370087749168
"elim_4_5_6_7",18.6887962531866,14.79687431168
"elim_4_5_6_8",18.6887962531866,14.5330693367442
"elim_4_5_6_9",18.5667912973116,13.0318957633983
"elim_4_5_6_10",19.0857424894854,14.4888128943462
"elim_4_5_7_8",18.1079298216909,14.9437281852219
"elim_4_5_7_9",18.0053452977922,13.7211536007071
"elim_4_5_7_10",17.7979889969641,14.6701045306669
"elim_4_5_8_9",18.0053452977922,13.3933888424276
"elim_4_5_8_10",17.7979889969641,14.0132609080067
"elim_4_5_9_10",17.5445124500952,12.5175323196218
"elim_4_6_7_8",18.9733308303527,16.0389241987731
"elim_4_6_7_9",18.8590603107421,14.6716774495575
"elim_4_6_7_10",19.4291550391576,16.6045210249372
"elim_4_6_8_9",18.8590603107421,14.5585776164753
"elim_4_6_8_10",19.4291550391576,15.9948028746285
"elim_4_6_9_10",19.3497350380498,14.3986048239831
"elim_4_7_8_9",18.2490531421457,14.9445924490648
"elim_4_7_8_10",18.1406239697259,15.8490602852985
"elim_4_7_9_10",17.9058182800483,14.5306406133763
"elim_4_8_9_10",17.9058182800483,13.9872184946902
"elim_5_6_7_8",19.8878507193041,15.9399929966846
"elim_5_6_7_9",19.9762074111243,14.6862731612371
"elim_5_6_7_10",20.2809742122297,16.7574561780318
"elim_5_6_8_9",19.9762074111243,14.5573257192094
"elim_5_6_8_10",20.2809742122297,16.131140229523
"elim_5_6_9_10",20.3972981468429,14.790727727467
"elim_5_7_8_9",19.1574138663891,14.8619686340521
"elim_5_7_8_10",18.9480888258829,15.8923790906783
"elim_5_7_9_10",18.8898254788549,14.7479685829967
"elim_5_8_9_10",18.8898254788549,14.1854931442018
"elim_6_7_8_9",20.1259459347444,15.9963203511013
"elim_6_7_8_10",20.4926324480879,17.997793858394
"elim_6_7_9_10",20.5956299894809,16.8455889355106
"elim_6_8_9_10",20.5956299894809,16.3687213680883
"elim_7_8_9_10",19.1197290428924,15.9663664521231
"elim_1_2_3_4_5",19.2025178081449,14.3936756591906
"elim_1_2_3_4_6",20.5812340415417,15.1904928165114
"elim_1_2_3_4_7",19.6935198464336,16.6759072915527
"elim_1_2_3_4_8",19.6935198464336,16.1395320554422
"elim_1_2_3_4_9",20.0989601255582,14.3098890641056
"elim_1_2_3_4_10",19.5654857649033,14.679944106996
"elim_1_2_3_5_6",21.8281974359842,14.9195340448209
"elim_1_2_3_5_7",20.5809169803932,16.092165782743
"elim_1_2_3_5_8",20.5809169803932,15.6944138072164
"elim_1_2_3_5_9",21.2034896930375,13.9574590399021
"elim_1_2_3_5_10",20.2383392628628,14.5591956832927
"elim_1_2_3_6_7",22.0798515877692,16.888452448864
"elim_1_2_3_6_8",22.0798515877692,16.7599139283473
"elim_1_2_3_6_9",22.932552600491,14.8286699424757
"elim_1_2_3_6_10",23.2595192904174,16.2273462826922
"elim_1_2_3_7_8",20.8165738979829,17.5339814735843
"elim_1_2_3_7_9",21.3261188941048,16.0570626241886
"elim_1_2_3_7_10",20.7344701604179,17.1000739977153
"elim_1_2_3_8_9",21.3261188941048,15.8675745800359
"elim_1_2_3_8_10",20.7344701604179,16.3700475371681
"elim_1_2_3_9_10",21.1945234853394,14.414483450304
"elim_1_2_4_5_6",16.5343043245956,12.3470086111972
"elim_1_2_4_5_7",16.1880863389447,12.6367586850145
"elim_1_2_4_5_8",16.1880863389447,12.5884741170896
"elim_1_2_4_5_9",15.9256649650874,11.1143249640623
"elim_1_2_4_5_10",15.1157165974819,11.5255725299009
"elim_1_2_4_6_7",17.0684388861215,13.7053268074793
"elim_1_2_4_6_8",17.0684388861215,13.9537244640768
"elim_1_2_4_6_9",16.6434231099578,12.3012419482713
"elim_1_2_4_6_10",17.614951504052,13.9876814101733
"elim_1_2_4_7_8",16.6048959749068,13.9473142840116
"elim_1_2_4_7_9",16.3180503876083,12.4566911461178
"elim_1_2_4_7_10",15.7688138788034,13.3428351528365
"elim_1_2_4_8_9",16.3180503876083,12.7368826067054
"elim_1_2_4_8_10",15.7688138788034,13.0746453029019
"elim_1_2_4_9_10",15.0571770067364,11.3712034979809
"elim_1_2_5_6_7",18.893468543321,13.8889845518981
"elim_1_2_5_6_8",18.893468543321,14.0544650934158
"elim_1_2_5_6_9",19.0962655871571,12.604120693919
"elim_1_2_5_6_10",19.5718867632989,14.537842957691
"elim_1_2_5_7_8",17.9723203217703,14.0013196711385
"elim_1_2_5_7_9",18.0338202027396,12.683789090771
"elim_1_2_5_7_10",17.4201591594669,13.7647272656289
"elim_1_2_5_8_9",18.0338202027396,12.8651353343679
"elim_1_2_5_8_10",17.4201591594669,13.4074710343389
"elim_1_2_5_9_10",17.2658241610631,12.0143472682465
"elim_1_2_6_7_8",19.1313667269218,15.2876926502599
"elim_1_2_6_7_9",19.2491706958941,13.7988939042966
"elim_1_2_6_7_10",19.834258925566,16.5022004198843
"elim_1_2_6_8_9",19.2491706958941,14.3514437093567
"elim_1_2_6_8_10",19.834258925566,16.173565930683
"elim_1_2_6_9_10",20.1465695550288,14.8521658066611
"elim_1_2_7_8_9",18.2211260290827,14.0789889250666
"elim_1_2_7_8_10",17.7898356905531,15.0653412482322
"elim_1_2_7_9_10",17.6079886474566,13.6489131541627
"elim_1_2_8_9_10",17.6079886474566,13.647732736451
"elim_1_3_4_5_6",21.075999416351,15.3355946069455
"elim_1_3_4_5_7",20.1448275953323,17.2783410871647
"elim_1_3_4_5_8",20.1448275953323,16.3056135145634
"elim_1_3_4_5_9",20.5416359043473,14.5222062743141
"elim_1_3_4_5_10",19.9966996116351,14.9123053359891
"elim_1_3_4_6_7",21.6958110433953,18.1048385729695
"elim_1_3_4_6_8",21.6958110433953,17.2873587133638
"elim_1_3_4_6_9",22.51823140816,15.299818413897
"elim_1_3_4_6_10",23.2556369466997,16.0706635570518
"elim_1_3_4_7_8",20.5820402551785,18.7209426811657
"elim_1_3_4_7_9",20.9996390115333,17.4622357840035
"elim_1_3_4_7_10",20.8218329860999,18.2187029419246
"elim_1_3_4_8_9",20.9996390115333,16.4958997050124
"elim_1_3_4_8_10",20.8218329860999,16.8304138233365
"elim_1_3_4_9_10",21.4340251358039,14.8045694060154
"elim_1_3_5_6_7",21.9933770969045,17.3333523167244
"elim_1_3_5_6_8",21.9933770969045,16.7385446595358
"elim_1_3_5_6_9",22.6601534825565,14.8436621270516
"elim_1_3_5_6_10",22.3734256715021,15.9658345029181
"elim_1_3_5_7_8",20.9290802563269,17.9014072649977
"elim_1_3_5_7_9",21.3507017379797,16.57686120292
"elim_1_3_5_7_10",20.7308336635688,17.5763351462065
"elim_1_3_5_8_9",21.3507017379797,15.8723928010902
"elim_1_3_5_8_10",20.7308336635688,16.4094124448337
"elim_1_3_5_9_10",21.0012660101134,14.4801137420816
"elim_1_3_6_7_8",22.2996683393741,18.8954213270038
"elim_1_3_6_7_9",22.9296312599916,17.416446053045
"elim_1_3_6_7_10",23.0378473678543,19.3087828953007
"elim_1_3_6_8_9",22.9296312599916,16.9071682671521
"elim_1_3_6_8_10",23.0378473678543,18.0541967714766
"elim_1_3_6_9_10",23.8863749272991,15.8084411357783
"elim_1_3_7_8_9",21.5792159306635,18.1305151538687
"elim_1_3_7_8_10",21.2173815761076,19.0645333795553
"elim_1_3_7_9_10",21.573035237159,17.6458433459582
"elim_1_3_8_9_10",21.573035237159,16.5242697561359
"elim_1_4_5_6_7",17.5718096229222,13.8335364208891
"elim_1_4_5_6_8",17.5718096229222,13.6582550468506
"elim_1_4_5_6_9",17.2353632707494,11.7633349130352
"elim_1_4_5_6_10",17.6292923623337,13.3685685895121
"elim_1_4_5_7_8",17.1347402311381,14.1302964872923
"elim_1_4_5_7_9",16.8984422655204,12.6009830457629
"elim_1_4_5_7_10",16.4173602159403,13.6290906255984
"elim_1_4_5_8_9",16.8984422655204,12.4057799132637
"elim_1_4_5_8_10",16.4173602159403,12.9300723083432
"elim_1_4_5_9_10",15.8094220280572,11.0067683523711
"elim_1_4_6_7_8",18.0568222979973,15.2804035652661
"elim_1_4_6_7_9",17.7931867797072,13.526346723744
"elim_1_4_6_7_10",18.3219813146514,15.944932175322
"elim_1_4_6_8_9",17.7931867797072,13.6309922601935
"elim_1_4_6_8_10",18.3219813146514,15.168763356827
"elim_1_4_6_9_10",17.9818287810272,12.9990109752465
"elim_1_4_7_8_9",17.3055153946205,14.0480636675922
"elim_1_4_7_8_10",17.0049271271771,14.9803236023833
"elim_1_4_7_9_10",16.5136213152533,13.2353747750202
"elim_1_4_8_9_10",16.5136213152533,12.7926980667844
"elim_1_5_6_7_8",19.1598875808169,15.2366438273836
"elim_1_5_6_7_9",19.1899349000192,13.6561781548801
"elim_1_5_6_7_10",19.3289503955033,16.2429282954504
"elim_1_5_6_8_9",19.1899349000192,13.6949813259729
"elim_1_5_6_8_10",19.3289503955033,15.421568712252
"elim_1_5_6_9_10",19.2410417142632,13.6347481443841
"elim_1_5_7_8_9",18.401560155466,14.0323609613457
"elim_1_5_7_8_10",17.9618473101924,15.1280500588262
"elim_1_5_7_9_10",17.7293552155229,13.6491261601233
"elim_1_5_8_9_10",17.7293552155229,13.1137863725018
"elim_1_6_7_8_9",19.4546461817434,15.2154750902692
"elim_1_6_7_8_10",19.7229258384461,17.638533214005
"elim_1_6_7_9_10",19.6910204862745,16.1202971960581
"elim_1_6_8_9_10",19.6910204862745,15.5733049651884
"elim_1_7_8_9_10",18.1399690150365,15.0763971281273
"elim_2_3_4_5_6",20.9217958512419,15.2385265084192
"elim_2_3_4_5_7",20.0835207386774,16.6480351013308
"elim_2_3_4_5_8",20.0835207386774,16.0312656713412
"elim_2_3_4_5_9",20.4897922993223,14.3012227559424
"elim_2_3_4_5_10",19.9832247692951,14.8031284822613
"elim_2_3_4_6_7",21.2449221784977,17.4643156257247
"elim_2_3_4_6_8",21.2449221784977,17.1103179270006
"elim_2_3_4_6_9",21.6770361373307,15.1746792830666
"elim_2_3_4_6_10",22.5722322972209,16.3267146715886
"elim_2_3_4_7_8",20.3355745226391,18.1008194565164
"elim_2_3_4_7_9",20.6630714766956,16.7319424986292
"elim_2_3_4_7_10",20.4174354890255,17.5397256986127
"elim_2_3_4_8_9",20.6630714766956,16.2218526185464
"elim_2_3_4_8_10",20.4174354890255,16.6498582281793
"elim_2_3_4_9_10",20.7765258552856,14.6808945049165
"elim_2_3_5_6_7",22.2504357376109,16.9006970456454
"elim_2_3_5_6_8",22.2504357376109,16.6429881074232
"elim_2_3_5_6_9",22.9693446391452,14.8162296592701
"elim_2_3_5_6_10",23.2579061287754,16.3219966832292
"elim_2_3_5_7_8",21.0927433275156,17.4388105091064
"elim_2_3_5_7_9",21.5716181175182,16.0679782897899
"elim_2_3_5_7_10",21.1086897546708,17.1151648292905
"elim_2_3_5_8_9",21.5716181175182,15.6869218259034
"elim_2_3_5_8_10",21.1086897546708,16.3383913795014
"elim_2_3_5_9_10",21.5870223440444,14.5379262847505
"elim_2_3_6_7_8",22.366601201001,18.4650767386502
"elim_2_3_6_7_9",22.961170763944,16.9043513932376
"elim_2_3_6_7_10",23.4526812752278,18.9362949284688
"elim_2_3_6_8_9",22.961170763944,16.8427514241659
"elim_2_3_6_8_10",23.4526812752278,18.3147651814693
"elim_2_3_6_9_10",24.4056562791902,16.387530690326
"elim_2_3_7_8_9",21.6228541664863,17.6400151528497
"elim_2_3_7_8_10",21.3494180352149,18.6155654955508
"elim_2_3_7_9_10",21.7596215940264,17.1764206306717
"elim_2_3_8_9_10",21.7596215940264,16.5305495451239
"elim_2_4_5_6_7",18.0943059523364,14.1381378337864
"elim_2_4_5_6_8",18.0943059523364,14.1482927892405
"elim_2_4_5_6_9",17.9161594253914,12.6585199736124
"elim_2_4_5_6_10",19.0062223076943,14.4366193292476
"elim_2_4_5_7_8",17.4695344888485,14.2581663682293
"elim_2_4_5_7_9",17.3438936984347,12.9770003087703
"elim_2_4_5_7_10",17.0640990721466,13.9437253119908
"elim_2_4_5_8_9",17.3438936984347,12.9056121695274
"elim_2_4_5_8_10",17.0640990721466,13.4615008711658
"elim_2_4_5_9_10",16.7657661863435,12.0396357910536
"elim_2_4_6_7_8",18.3668458706571,15.5377085464193
"elim_2_4_6_7_9",18.157812680477,14.0758176861409
"elim_2_4_6_7_10",19.2172873762364,16.4404913829156
"elim_2_4_6_8_9",18.157812680477,14.3781717152526
"elim_2_4_6_8_10",19.2172873762364,16.1201915886794
"elim_2_4_6_9_10",19.2196480958143,14.7568099213951
"elim_2_4_7_8_9",17.5561589880161,14.33833218169
"elim_2_4_7_8_10",17.3960715403176,15.25486570771
"elim_2_4_7_9_10",17.0605590410229,13.8949074195278
"elim_2_4_8_9_10",17.0605590410229,13.6437540717397
"elim_2_5_6_7_8",19.7648160897706,15.5108016012616
"elim_2_5_6_7_9",19.9494926926388,14.2200088869978
"elim_2_5_6_7_10",20.6217802775686,16.7562246031704
"elim_2_5_6_8_9",19.9494926926388,14.4299271625231
"elim_2_5_6_8_10",20.6217802775686,16.3461563592317
"elim_2_5_6_9_10",21.080831708256,15.3834559692163
"elim_2_5_7_8_9",18.9020404557799,14.3458212980056
"elim_2_5_7_8_10",18.6643206492156,15.4267269768234
"elim_2_5_7_9_10",18.6733877250852,14.348968337734
"elim_2_5_8_9_10",18.6733877250852,14.0043198473171
"elim_2_6_7_8_9",20.0149947080412,15.7005624496777
"elim_2_6_7_8_10",20.7143672249586,18.1307576954863
"elim_2_6_7_9_10",21.0500760817576,17.1948714723875
"elim_2_6_8_9_10",21.0500760817576,17.103837165226
"elim_2_7_8_9_10",18.8302851379861,15.6737901979874
"elim_3_4_5_6_7",21.5264074281405,17.831895939238
"elim_3_4_5_6_8",21.5264074281405,17.0813150636062
"elim_3_4_5_6_9",22.0286895567212,15.183699629965
"elim_3_4_5_6_10",22.2560254257245,16.0500772292482
"elim_3_4_5_7_8",20.6545111457367,18.4222664956528
"elim_3_4_5_7_9",21.0040639773038,17.1734462587835
"elim_3_4_5_7_10",20.6882578269893,17.9118324817225
"elim_3_4_5_8_9",21.0040639773038,16.2508278189823
"elim_3_4_5_8_10",20.6882578269893,16.6819750535445
"elim_3_4_5_9_10",21.0328349159968,14.7509722214791
"elim_3_4_6_7_8",21.857589209112,19.4338373222689
"elim_3_4_6_7_9",22.3651326522824,18.02108283822
"elim_3_4_6_7_10",22.8373575265031,19.3836985405093
"elim_3_4_6_8_9",22.3651326522824,17.2981078225529
"elim_3_4_6_8_10",22.8373575265031,18.2157706595345
"elim_3_4_6_9_10",23.7924408593991,15.9286455874047
"elim_3_4_7_8_9",21.2464091573467,18.7564723709412
"elim_3_4_7_8_10",21.1247532264121,19.4631240486026
"elim_3_4_7_9_10",21.5245184571518,18.0909001641048
"elim_3_4_8_9_10",21.5245184571518,16.8448781919991
"elim_3_5_6_7_8",22.2688200873035,18.6396724297857
"elim_3_5_6_7_9",22.7832946615704,17.2010174284758
"elim_3_5_6_7_10",22.7888174355803,18.8843210331803
"elim_3_5_6_8_9",22.7832946615704,16.671166069716
"elim_3_5_6_8_10",22.7888174355803,17.8624034576984
"elim_3_5_6_9_10",23.3437013765239,15.7935496479856
"elim_3_5_7_8_9",21.6575841452042,17.8754082596547
"elim_3_5_7_8_10",21.3036355216521,18.7863223841983
"elim_3_5_7_9_10",21.6232059604924,17.4284631360746
"elim_3_5_8_9_10",21.6232059604924,16.371561008529
"elim_3_6_7_8_9",22.9230007408265,18.9014170784064
"elim_3_6_7_8_10",23.1219882929894,20.5817158075594
"elim_3_6_7_9_10",23.7282009687636,19.0416298744244
"elim_3_6_8_9_10",23.7282009687636,18.0888056097793
"elim_3_7_8_9_10",21.9096416089503,19.0746198237677
"elim_4_5_6_7_8",18.6887962531866,15.4774000621252
"elim_4_5_6_7_9",18.5667912973116,13.954649074896
"elim_4_5_6_7_10",19.0857424894854,16.0817217010394
"elim_4_5_6_8_9",18.5667912973116,13.8161251355208
"elim_4_5_6_8_10",19.0857424894854,15.3594138443845
"elim_4_5_6_9_10",18.9798832406611,13.5607136435086
"elim_4_5_7_8_9",18.0053452977922,14.3375290234676
"elim_4_5_7_8_10",17.7979889969641,15.2825878818415
"elim_4_5_7_9_10",17.5445124500952,13.8713961311058
"elim_4_5_8_9_10",17.5445124500952,13.1940723251185
"elim_4_6_7_8_9",18.8590603107421,15.511939028211
"elim_4_6_7_8_10",19.4291550391576,17.5789128923681
"elim_4_6_7_9_10",19.3497350380498,16.0594836075216
"elim_4_6_8_9_10",19.3497350380498,15.546189547929
"elim_4_7_8_9_10",17.9058182800483,15.3073922934935
"elim_5_6_7_8_9",19.9762074111243,15.4229962894918
"elim_5_6_7_8_10",20.2809742122297,17.6259246037653
"elim_5_6_7_9_10",20.3972981468429,16.4124668357136
"elim_5_6_8_9_10",20.3972981468429,15.8107581948495
"elim_5_7_8_9_10",18.8898254788549,15.4483970683273
"elim_6_7_8_9_10",20.5956299894809,17.9616613668377
"elim_1_2_3_4_5_6",19.7913553236357,14.2309970540455
"elim_1_2_3_4_5_7",19.2025178081449,16.0638621601424
"elim_1_2_3_4_5_8",19.2025178081449,15.4652708839943
"elim_1_2_3_4_5_9",19.669446315423,13.1940648147165
"elim_1_2_3_4_5_10",18.5328404946004,13.6182780477656
"elim_1_2_3_4_6_7",20.5812340415417,16.8069371926351
"elim_1_2_3_4_6_8",20.5812340415417,16.6169450227969
"elim_1_2_3_4_6_9",21.2446336707934,14.0016417112737
"elim_1_2_3_4_6_10",22.3027518569782,15.0519253645551
"elim_1_2_3_4_7_8",19.6935198464336,17.8195540765005
"elim_1_2_3_4_7_9",20.0989601255582,16.0334998992877
"elim_1_2_3_4_7_10",19.5654857649033,16.9193833040588
"elim_1_2_3_4_8_9",20.0989601255582,15.7151153520963
"elim_1_2_3_4_8_10",19.5654857649033,15.9560556803043
"elim_1_2_3_4_9_10",20.0650155610678,13.2905255320871
"elim_1_2_3_5_6_7",21.8281974359842,16.1814581775399
"elim_1_2_3_5_6_8",21.8281974359842,16.1030657840427
"elim_1_2_3_5_6_9",22.894392684224,13.7142555187425
"elim_1_2_3_5_6_10",22.6858754576515,15.2640793646013
"elim_1_2_3_5_7_8",20.5809169803932,17.0370060176257
"elim_1_2_3_5_7_9",21.2034896930375,15.275976954511
"elim_1_2_3_5_7_10",20.2383392628628,16.458156505044
"elim_1_2_3_5_8_9",21.2034896930375,15.0995564181186
"elim_1_2_3_5_8_10",20.2383392628628,15.6288343779276
"elim_1_2_3_5_9_10",20.709830552323,13.2271342956296
"elim_1_2_3_6_7_8",22.0798515877692,18.0948404203003
"elim_1_2_3_6_7_9",22.932552600491,16.0292443378421
"elim_1_2_3_6_7_10",23.2595192904174,18.5545021097845
"elim_1_2_3_6_8_9",22.932552600491,16.3694863943612
"elim_1_2_3_6_8_10",23.2595192904174,17.8300868963525
"elim_1_2_3_6_9_10",24.7109637210806,15.056358527398
"elim_1_2_3_7_8_9",21.3261188941048,17.2331104238145
"elim_1_2_3_7_8_10",20.7344701604179,18.2652999796273
"elim_1_2_3_7_9_10",21.1945234853394,16.3232947859429
"elim_1_2_3_8_9_10",21.1945234853394,15.8335796764773
"elim_1_2_4_5_6_7",16.5343043245956,12.8585683923658
"elim_1_2_4_5_6_8",16.5343043245956,13.1610892668792
"elim_1_2_4_5_6_9",16.0890572690818,11.3131870678154
"elim_1_2_4_5_6_10",16.9988593741927,13.1387790806885
"elim_1_2_4_5_7_8",16.1880863389447,13.2071143798411
"elim_1_2_4_5_7_9",15.9256649650874,11.5942381805768
"elim_1_2_4_5_7_10",15.1157165974819,12.4879282409818
"elim_1_2_4_5_8_9",15.9256649650874,11.8963129338654
"elim_1_2_4_5_8_10",15.1157165974819,12.1439042789228
"elim_1_2_4_5_9_10",14.3562934432107,10.3479746272199
"elim_1_2_4_6_7_8",17.0684388861215,14.543947170076
"elim_1_2_4_6_7_9",16.6434231099578,12.6182811013884
"elim_1_2_4_6_7_10",17.614951504052,15.4620110802446
"elim_1_2_4_6_8_9",16.6434231099578,13.5146915330689
"elim_1_2_4_6_8_10",17.614951504052,15.2193593198862
"elim_1_2_4_6_9_10",17.2261077379919,13.2478649147724
"elim_1_2_4_7_8_9",16.3180503876083,13.2643843976222
"elim_1_2_4_7_8_10",15.7688138788034,14.042018373857
"elim_1_2_4_7_9_10",15.0571770067364,12.1388556376749
"elim_1_2_4_8_9_10",15.0571770067364,12.3560601327564
"elim_1_2_5_6_7_8",18.893468543321,14.6247729027899
"elim_1_2_5_6_7_9",19.0962655871571,12.9742505486363
"elim_1_2_5_6_7_10",19.5718867632989,16.0658583755231
"elim_1_2_5_6_8_9",19.0962655871571,13.625682626014
"elim_1_2_5_6_8_10",19.5718867632989,15.6141064273405
"elim_1_2_5_6_9_10",20.027490055485,14.3133654757818
"elim_1_2_5_7_8_9",18.0338202027396,13.3850831354855
"elim_1_2_5_7_8_10",17.4201591594669,14.3996494291636
"elim_1_2_5_7_9_10",17.2658241610631,12.9497150985939
"elim_1_2_5_8_9_10",17.2658241610631,12.8817331398564
"elim_1_2_6_7_8_9",19.2491706958941,14.8155434816215
"elim_1_2_6_7_8_10",19.834258925566,17.6637394892114
"elim_1_2_6_7_9_10",20.1465695550288,16.2991320780915
"elim_1_2_6_8_9_10",20.1465695550288,16.534905281784
"elim_1_2_7_8_9_10",17.6079886474566,14.5648763593593
"elim_1_3_4_5_6_7",21.075999416351,17.5594646641776
"elim_1_3_4_5_6_8",21.075999416351,16.6348977903662
"elim_1_3_4_5_6_9",21.756292231689,14.1428615040416
"elim_1_3_4_5_6_10",21.92393246587,14.8804077351049
"elim_1_3_4_5_7_8",20.1448275953323,18.3670150056574
"elim_1_3_4_5_7_9",20.5416359043473,16.8818331427488
"elim_1_3_4_5_7_10",19.9966996116351,17.7156427090871
"elim_1_3_4_5_8_9",20.5416359043473,15.7368758091072
"elim_1_3_4_5_8_10",19.9966996116351,16.0843012470084
"elim_1_3_4_5_9_10",20.2754593748931,13.5514816593534
"elim_1_3_4_6_7_8",21.6958110433953,19.4933007985971
"elim_1_3_4_6_7_9",22.51823140816,17.8178310545968
"elim_1_3_4_6_7_10",23.2556369466997,19.502741279586
"elim_1_3_4_6_8_9",22.51823140816,16.9029077660382
"elim_1_3_4_6_8_10",23.2556369466997,17.7374588218342
"elim_1_3_4_6_9_10",26.0767515873715,14.5734250538493
"elim_1_3_4_7_8_9",20.9996390115333,18.7865266137986
"elim_1_3_4_7_8_10",20.8218329860999,19.5532745436734
"elim_1_3_4_7_9_10",21.4340251358039,17.9164897596435
"elim_1_3_4_8_9_10",21.4340251358039,16.2618983821245
"elim_1_3_5_6_7_8",21.9933770969045,18.4595205841559
"elim_1_3_5_6_7_9",22.6601534825565,16.6977611674989
"elim_1_3_5_6_7_10",22.3734256715021,18.8279143085447
"elim_1_3_5_6_8_9",22.6601534825565,16.1464386573826
"elim_1_3_5_6_8_10",22.3734256715021,17.3492762451157
"elim_1_3_5_6_9_10",22.8909682727495,14.5233086588562
"elim_1_3_5_7_8_9",21.3507017379797,17.6417514112927
"elim_1_3_5_7_8_10",20.7308336635688,18.666687586625
"elim_1_3_5_7_9_10",21.0012660101134,16.9988235756533
"elim_1_3_5_8_9_10",21.0012660101134,15.677347523564
"elim_1_3_6_7_8_9",22.9296312599916,18.7653113916596
"elim_1_3_6_7_8_10",23.0378473678543,20.8547057194893
"elim_1_3_6_7_9_10",23.8863749272991,18.9446182016588
"elim_1_3_6_8_9_10",23.8863749272991,17.5364244203792
"elim_1_3_7_8_9_10",21.573035237159,18.9739602654909
"elim_1_4_5_6_7_8",17.5718096229222,14.5672895008622
"elim_1_4_5_6_7_9",17.2353632707494,12.5572760252936
"elim_1_4_5_6_7_10",17.6292923623337,15.3401661955606
"elim_1_4_5_6_8_9",17.2353632707494,12.6712945627116
"elim_1_4_5_6_8_10",17.6292923623337,14.3404675051482
"elim_1_4_5_6_9_10",17.0270789487445,11.7822959632305
"elim_1_4_5_7_8_9",16.8984422655204,13.2653756323083
"elim_1_4_5_7_8_10",16.4173602159403,14.2488502809056
"elim_1_4_5_7_9_10",15.8094220280572,12.3310024992611
"elim_1_4_5_8_9_10",15.8094220280572,11.7299867033071
"elim_1_4_6_7_8_9",17.7931867797072,14.476931578151
"elim_1_4_6_7_8_10",18.3219813146514,17.0615872509457
"elim_1_4_6_7_9_10",17.9818287810272,14.9261570884415
"elim_1_4_6_8_9_10",17.9818287810272,14.3574381230005
"elim_1_4_7_8_9_10",16.5136213152533,14.0630405137226
"elim_1_5_6_7_8_9",19.1899349000192,14.4720567851376
"elim_1_5_6_7_8_10",19.3289503955033,17.2166721163768
"elim_1_5_6_7_9_10",19.2410417142632,15.5896715668599
"elim_1_5_6_8_9_10",19.2410417142632,14.8134320068406
"elim_1_5_7_8_9_10",17.7293552155229,14.3884117315615
"elim_1_6_7_8_9_10",19.6910204862745,17.4221485213295
"elim_2_3_4_5_6_7",20.9217958512419,16.8246030631387
"elim_2_3_4_5_6_8",20.9217958512419,16.4609120138078
"elim_2_3_4_5_6_9",21.429830013467,14.0625852680725
"elim_2_3_4_5_6_10",22.1093546757966,15.314411808614
"elim_2_3_4_5_7_8",20.0835207386774,17.6608896451236
"elim_2_3_4_5_7_9",20.4897922993223,16.0431431142288
"elim_2_3_4_5_7_10",19.9832247692951,16.9265783616783
"elim_2_3_4_5_8_9",20.4897922993223,15.4567207373186
"elim_2_3_4_5_8_10",19.9832247692951,15.9027970815997
"elim_2_3_4_5_9_10",20.3895912513959,13.4726726444872
"elim_2_3_4_6_7_8",21.2449221784977,18.7638031944399
"elim_2_3_4_6_7_9",21.6770361373307,16.8476821620619
"elim_2_3_4_6_7_10",22.5722322972209,18.7073267252094
"elim_2_3_4_6_8_9",21.6770361373307,16.743109143546
"elim_2_3_4_6_8_10",22.5722322972209,17.9780743147723
"elim_2_3_4_6_9_10",23.6352195625204,15.1170454922208
"elim_2_3_4_7_8_9",20.6630714766956,17.9952674400693
"elim_2_3_4_7_8_10",20.4174354890255,18.787806494182
"elim_2_3_4_7_9_10",20.7765258552856,16.9830955150917
"elim_2_3_4_8_9_10",20.7765258552856,16.1152742830358
"elim_2_3_5_6_7_8",22.2504357376109,17.9725115998284
"elim_2_3_5_6_7_9",22.9693446391452,16.1027316223046
"elim_2_3_5_6_7_10",23.2579061287754,18.4042112505076
"elim_2_3_5_6_8_9",22.9693446391452,16.082691700083
"elim_2_3_5_6_8_10",23.2579061287754,17.7128812884918
"elim_2_3_5_6_9_10",24.3383725946402,15.3703926278413
"elim_2_3_5_7_8_9",21.5716181175182,17.09060047445
"elim_2_3_5_7_8_10",21.1086897546708,18.1567314129706
"elim_2_3_5_7_9_10",21.5870223440444,16.4827132882816
"elim_2_3_5_8_9_10",21.5870223440444,15.7236075171635
"elim_2_3_6_7_8_9",22.961170763944,18.2248668123983
"elim_2_3_6_7_8_10",23.4526812752278,20.4506949591471
"elim_2_3_6_7_9_10",24.4056562791902,18.5987402210845
"elim_2_3_6_8_9_10",24.4056562791902,18.27253010245
"elim_2_3_7_8_9_10",21.7596215940264,18.4958373298773
"elim_2_4_5_6_7_8",18.0943059523364,14.8884645193585
"elim_2_4_5_6_7_9",17.9161594253914,13.2956099626683
"elim_2_4_5_6_7_10",19.0062223076943,15.922432021956
"elim_2_4_5_6_8_9",17.9161594253914,13.6254783809765
"elim_2_4_5_6_8_10",19.0062223076943,15.5125631697271
"elim_2_4_5_6_9_10",19.1537664927257,14.1812000909018
"elim_2_4_5_7_8_9",17.3438936984347,13.6673014184919
"elim_2_4_5_7_8_10",17.0640990721466,14.5934889392824
"elim_2_4_5_7_9_10",16.7657661863435,13.2493300086685
"elim_2_4_5_8_9_10",16.7657661863435,12.8536645321665
"elim_2_4_6_7_8_9",18.157812680477,15.0878046974735
"elim_2_4_6_7_8_10",19.2172873762364,17.6270326692371
"elim_2_4_6_7_9_10",19.2196480958143,16.3160960574004
"elim_2_4_6_8_9_10",19.2196480958143,16.4170302618547
"elim_2_4_7_8_9_10",17.0605590410229,14.8151639547865
"elim_2_5_6_7_8_9",19.9494926926388,15.0865970660888
"elim_2_5_6_7_8_10",20.6217802775686,17.7982853498644
"elim_2_5_6_7_9_10",21.080831708256,17.0055409096442
"elim_2_5_6_8_9_10",21.080831708256,16.8081327064101
"elim_2_5_7_8_9_10",18.6733877250852,15.1721748368043
"elim_2_6_7_8_9_10",21.0500760817576,18.697826805836
"elim_3_4_5_6_7_8",21.5264074281405,19.0565149201911
"elim_3_4_5_6_7_9",22.0286895567212,17.3681115126295
"elim_3_4_5_6_7_10",22.2560254257245,18.8213165752553
"elim_3_4_5_6_8_9",22.0286895567212,16.5496538373984
"elim_3_4_5_6_8_10",22.2560254257245,17.4936401088434
"elim_3_4_5_6_9_10",22.9704057088781,14.5942656581546
"elim_3_4_5_7_8_9",21.0040639773038,18.3390550470718
"elim_3_4_5_7_8_10",20.6882578269893,19.0873206018614
"elim_3_4_5_7_9_10",21.0328349159968,17.4593649543367
"elim_3_4_5_8_9_10",21.0328349159968,15.9977431397295
"elim_3_4_6_7_8_9",22.3651326522824,19.5098201926919
"elim_3_4_6_7_8_10",22.8373575265031,21.0223066107165
"elim_3_4_6_7_9_10",23.7924408593991,19.0099885217504
"elim_3_4_6_8_9_10",23.7924408593991,17.7359847986156
"elim_3_4_7_8_9_10",21.5245184571518,19.5428155786249
"elim_3_5_6_7_8_9",22.7832946615704,18.3976088666179
"elim_3_5_6_7_8_10",22.7888174355803,20.2417865781648
"elim_3_5_6_7_9_10",23.3437013765239,18.3952717262213
"elim_3_5_6_8_9_10",23.3437013765239,17.2986779929827
"elim_3_5_7_8_9_10",21.6232059604924,18.6135745127592
"elim_3_6_7_8_9_10",23.7282009687636,20.7293325089233
"elim_4_5_6_7_8_9",18.5667912973116,14.7992841308033
"elim_4_5_6_7_8_10",19.0857424894854,17.0814424524438
"elim_4_5_6_7_9_10",18.9798832406611,15.4392407758712
"elim_4_5_6_8_9_10",18.9798832406611,14.7485666475519
"elim_4_5_7_8_9_10",17.5445124500952,14.6396488470495
"elim_4_6_7_8_9_10",19.3497350380498,17.4112465676916
"elim_5_6_7_8_9_10",20.3972981468429,17.5883600137214
"elim_1_2_3_4_5_6_7",19.7913553236357,15.9342829540982
"elim_1_2_3_4_5_6_8",19.7913553236357,15.819719608875
"elim_1_2_3_4_5_6_9",20.3047660391823,12.3186310227343
"elim_1_2_3_4_5_6_10",20.5688908079599,13.4765079792957
"elim_1_2_3_4_5_7_8",19.2025178081449,17.2925251212565
"elim_1_2_3_4_5_7_9",19.669446315423,15.0625132581435
"elim_1_2_3_4_5_7_10",18.5328404946004,16.1078767322821
"elim_1_2_3_4_5_8_9",19.669446315423,14.7325647566132
"elim_1_2_3_4_5_8_10",18.5328404946004,14.9924066561939
"elim_1_2_3_4_5_9_10",18.6364209431843,11.4530398787606
"elim_1_2_3_4_6_7_8",20.5812340415417,18.4470407142299
"elim_1_2_3_4_6_7_9",21.2446336707934,15.6628864492349
"elim_1_2_3_4_6_7_10",22.3027518569782,18.0604859705881
"elim_1_2_3_4_6_8_9",21.2446336707934,16.2454300776898
"elim_1_2_3_4_6_8_10",22.3027518569782,17.2565804384918
"elim_1_2_3_4_6_9_10",27.2941407530189,12.4575154659838
"elim_1_2_3_4_7_8_9",20.0989601255582,17.6559671874331
"elim_1_2_3_4_7_8_10",19.5654857649033,18.4679168186634
"elim_1_2_3_4_7_9_10",20.0650155610678,15.8106030883157
"elim_1_2_3_4_8_9_10",20.0650155610678,15.2659763970021
"elim_1_2_3_5_6_7_8",21.8281974359842,17.4757222771251
"elim_1_2_3_5_6_7_9",22.894392684224,14.8647391289382
"elim_1_2_3_5_6_7_10",22.6858754576515,17.8644395670838
"elim_1_2_3_5_6_8_9",22.894392684224,15.4193175161624
"elim_1_2_3_5_6_8_10",22.6858754576515,17.0337438816431
"elim_1_2_3_5_6_9_10",24.0430636246625,13.3756339984869
"elim_1_2_3_5_7_8_9",21.2034896930375,16.528199747348
"elim_1_2_3_5_7_8_10",20.2383392628628,17.6901737629067
"elim_1_2_3_5_7_9_10",20.709830552323,15.305660063333
"elim_1_2_3_5_8_9_10",20.709830552323,14.7594371333457
"elim_1_2_3_6_7_8_9",22.932552600491,17.712046593362
"elim_1_2_3_6_7_8_10",23.2595192904174,20.4830282620823
"elim_1_2_3_6_7_9_10",24.7109637210806,17.6023721203088
"elim_1_2_3_6_8_9_10",24.7109637210806,17.6984375437752
"elim_1_2_3_7_8_9_10",21.1945234853394,17.9689001529211
"elim_1_2_4_5_6_7_8",16.5343043245956,13.6853233104257
"elim_1_2_4_5_6_7_9",16.0890572690818,11.5148383114496
"elim_1_2_4_5_6_7_10",16.9988593741927,14.8052212168174
"elim_1_2_4_5_6_8_9",16.0890572690818,12.5854817592162
"elim_1_2_4_5_6_8_10",16.9988593741927,14.4087899539198
"elim_1_2_4_5_6_9_10",16.6295177724891,12.3472999730324
"elim_1_2_4_5_7_8_9",15.9256649650874,12.3908050925579
"elim_1_2_4_5_7_8_10",15.1157165974819,13.125711545353
"elim_1_2_4_5_7_9_10",14.3562934432107,11.1850002365995
"elim_1_2_4_5_8_9_10",14.3562934432107,11.3201581313805
"elim_1_2_4_6_7_8_9",16.6434231099578,13.8809600644408
"elim_1_2_4_6_7_8_10",17.614951504052,16.8723838528352
"elim_1_2_4_6_7_9_10",17.2261077379919,14.6305936350236
"elim_1_2_4_6_8_9_10",17.2261077379919,15.5675572785002
"elim_1_2_4_7_8_9_10",15.0571770067364,13.1819219383261
"elim_1_2_5_6_7_8_9",19.0962655871571,14.0136960454111
"elim_1_2_5_6_7_8_10",19.5718867632989,17.2714310937793
"elim_1_2_5_6_7_9_10",20.027490055485,16.0759003670479
"elim_1_2_5_6_8_9_10",20.027490055485,16.1901971548689
"elim_1_2_5_7_8_9_10",17.2658241610631,13.8644302595461
"elim_1_2_6_7_8_9_10",20.1465695550288,18.2242005848919
"elim_1_3_4_5_6_7_8",21.075999416351,19.0940638688884
"elim_1_3_4_5_6_7_9",21.756292231689,17.0428436961379
"elim_1_3_4_5_6_7_10",21.92393246587,18.8978913688367
"elim_1_3_4_5_6_8_9",21.756292231689,15.9474077613553
"elim_1_3_4_5_6_8_10",21.92393246587,16.7447245594463
"elim_1_3_4_5_6_9_10",23.0884124501156,12.5208709233477
"elim_1_3_4_5_7_8_9",20.5416359043473,18.3337573015074
"elim_1_3_4_5_7_8_10",19.9966996116351,19.1714541789039
"elim_1_3_4_5_7_9_10",20.2754593748931,17.1855024231553
"elim_1_3_4_5_8_9_10",20.2754593748931,15.1501775880277
"elim_1_3_4_6_7_8_9",22.51823140816,19.7512885119689
"elim_1_3_4_6_7_8_10",23.2556369466997,21.6967260659976
"elim_1_3_4_6_7_9_10",26.0767515873715,19.2216910084925
"elim_1_3_4_6_8_9_10",26.0767515873715,16.9839922747709
"elim_1_3_4_7_8_9_10",21.4340251358039,19.782107351821
"elim_1_3_5_6_7_8_9",22.6601534825565,18.162130027078
"elim_1_3_5_6_7_8_10",22.3734256715021,20.5264005299591
"elim_1_3_5_6_7_9_10",22.8909682727495,18.1755310457933
"elim_1_3_5_6_8_9_10",22.8909682727495,16.435401500782
"elim_1_3_5_7_8_9_10",21.0012660101134,18.4313316702886
"elim_1_3_6_7_8_9_10",23.8863749272991,21.1188489537259
"elim_1_4_5_6_7_8_9",17.2353632707494,13.4997222154921
"elim_1_4_5_6_7_8_10",17.6292923623337,16.4777831129222
"elim_1_4_5_6_7_9_10",17.0270789487445,14.120832848401
"elim_1_4_5_6_8_9_10",17.0270789487445,13.170642744901
"elim_1_4_5_7_8_9_10",15.8094220280572,13.115049561887
"elim_1_4_6_7_8_9_10",17.9818287810272,16.5514256385544
"elim_1_5_6_7_8_9_10",19.2410417142632,16.9616857293669
"elim_2_3_4_5_6_7_8",20.9217958512419,18.233535370312
"elim_2_3_4_5_6_7_9",21.429830013467,15.8326068596072
"elim_2_3_4_5_6_7_10",22.1093546757966,17.9234800078483
"elim_2_3_4_5_6_8_9",21.429830013467,15.7836243367151
"elim_2_3_4_5_6_8_10",22.1093546757966,17.135714352622
"elim_2_3_4_5_6_9_10",23.2114946955676,13.3301977132342
"elim_2_3_4_5_7_8_9",20.4897922993223,17.4041607200922
"elim_2_3_4_5_7_8_10",19.9832247692951,18.2608648012875
"elim_2_3_4_5_7_9_10",20.3895912513959,16.0594753466406
"elim_2_3_4_5_8_9_10",20.3895912513959,15.001522164881
"elim_2_3_4_6_7_8_9",21.6770361373307,18.6900436076424
"elim_2_3_4_6_7_8_10",22.5722322972209,20.7553670784895
"elim_2_3_4_6_7_9_10",23.6352195625204,17.9019011466496
"elim_2_3_4_6_8_9_10",23.6352195625204,17.7979192205757
"elim_2_3_4_7_8_9_10",20.7765258552856,18.7810342302152
"elim_2_3_5_6_7_8_9",22.9693446391452,17.5117749381081
"elim_2_3_5_6_7_8_10",23.2579061287754,20.0549141809907
"elim_2_3_5_6_7_9_10",24.3383725946402,17.8224093601027
"elim_2_3_5_6_8_9_10",24.3383725946402,17.4802067807466
"elim_2_3_5_7_8_9_10",21.5870223440444,17.8934451201185
"elim_2_3_6_7_8_9_10",24.4056562791902,20.8972683750525
"elim_2_4_5_6_7_8_9",17.9161594253914,14.3189457671761
"elim_2_4_5_6_7_8_10",19.0062223076943,17.1530531986496
"elim_2_4_5_6_7_9_10",19.1537664927257,16.0575674621479
"elim_2_4_5_6_8_9_10",19.1537664927257,16.0189849404196
"elim_2_4_5_7_8_9_10",16.7657661863435,14.1662934564834
"elim_2_4_6_7_8_9_10",19.2196480958143,18.2935534589266
"elim_2_5_6_7_8_9_10",21.080831708256,18.6622003287193
"elim_3_4_5_6_7_8_9",22.0286895567212,19.0160860310489
"elim_3_4_5_6_7_8_10",22.2560254257245,20.6404053366061
"elim_3_4_5_6_7_9_10",22.9704057088781,18.0638685129721
"elim_3_4_5_6_8_9_10",22.9704057088781,16.6005918139238
"elim_3_4_5_7_8_9_10",21.0328349159968,19.053785163275
"elim_3_4_6_7_8_9_10",23.7924408593991,21.3920633479651
"elim_3_5_6_7_8_9_10",23.3437013765239,20.2631319949323
"elim_4_5_6_7_8_9_10",18.9798832406611,16.8722725360144
"elim_1_2_3_4_5_6_7_8",19.7913553236357,17.775528912937
"elim_1_2_3_4_5_6_7_9",20.3047660391823,13.9175795695931
"elim_1_2_3_4_5_6_7_10",20.5688908079599,16.8693391287687
"elim_1_2_3_4_5_6_8_9",20.3047660391823,14.988159335521
"elim_1_2_3_4_5_6_8_10",20.5688908079599,16.0605023136938
"elim_1_2_3_4_5_7_8_9",19.669446315423,16.865459665763
"elim_1_2_3_4_5_7_8_10",18.5328404946004,17.8025856143716
"elim_1_2_3_4_5_7_9_10",18.6364209431843,14.2276378626998
"elim_1_2_3_4_5_8_9_10",18.6364209431843,13.7009619456262
"elim_1_2_3_4_6_7_8_9",21.2446336707934,18.2950451714291
"elim_1_2_3_4_6_7_8_10",22.3027518569782,20.9835045215623
"elim_1_2_3_4_6_7_9_10",27.2941407530189,15.2652073778045
"elim_1_2_3_4_6_8_9_10",27.2941407530189,17.0111277583908
"elim_1_2_3_4_7_8_9_10",20.0650155610678,18.3059436025075
"elim_1_2_3_5_6_7_8_9",22.894392684224,16.7161445450219
"elim_1_2_3_5_6_7_8_10",22.6858754576515,20.0250693315276
"elim_1_2_3_5_6_7_9_10",24.0430636246625,16.1875962904076
"elim_1_2_3_5_6_8_9_10",24.0430636246625,16.5392795297653
"elim_1_2_3_5_7_8_9_10",20.709830552323,17.0991318197775
"elim_1_2_3_6_7_8_9_10",24.7109637210806,20.8968030211203
"elim_1_2_4_5_6_7_8_9",16.0890572690818,12.8144343217563
"elim_1_2_4_5_6_7_8_10",16.9988593741927,16.2594346105985
"elim_1_2_4_5_6_7_9_10",16.6295177724891,14.1714783644819
"elim_1_2_4_5_6_8_9_10",16.6295177724891,15.0665235309308
"elim_1_2_4_5_7_8_9_10",14.3562934432107,12.1932696667434
"elim_1_2_4_6_7_8_9_10",17.2261077379919,17.4157779980631
"elim_1_2_5_6_7_8_9_10",20.027490055485,18.2636553852685
"elim_1_3_4_5_6_7_8_9",21.756292231689,19.2829637175173
"elim_1_3_4_5_6_7_8_10",21.92393246587,21.4480720458695
"elim_1_3_4_5_6_7_9_10",23.0884124501156,18.2128671536621
"elim_1_3_4_5_6_8_9_10",23.0884124501156,15.4008746963634
"elim_1_3_4_5_7_8_9_10",20.2754593748931,19.3177386817698
"elim_1_3_4_6_7_8_9_10",26.0767515873715,22.7639149418616
"elim_1_3_5_6_7_8_9_10",22.8909682727495,20.6653712773156
"elim_1_4_5_6_7_8_9_10",17.0270789487445,15.8314753613748
"elim_2_3_4_5_6_7_8_9",21.429830013467,17.8971641664712
"elim_2_3_4_5_6_7_8_10",22.1093546757966,20.2433643859685
"elim_2_3_4_5_6_7_9_10",23.2114946955676,16.3468934786745
"elim_2_3_4_5_6_8_9_10",23.2114946955676,16.4957082613539
"elim_2_3_4_5_7_8_9_10",20.3895912513959,18.0607741779893
"elim_2_3_4_6_7_8_9_10",23.6352195625204,21.5298751907318
"elim_2_3_5_6_7_8_9_10",24.3383725946402,20.476262238377
"elim_2_4_5_6_7_8_9_10",19.1537664927257,18.3221296289196
"elim_3_4_5_6_7_8_9_10",22.9704057088781,20.8528259630693
